activitybanner/activity_miniprogram,25390,e760647478e63f6635c75ef951fcd271
activitybanner/temp5,69713,54654c94760294edb51f837453c8c02c
activitybanner/temp8,74118,bceda9a51bb23c18fbf296cf68b119c6
activitybanner/temp9,69330,737fbf0fcfc293aa66a5df54ac58ece4
activityuitable/dianqi_text,13117,9cd4a5d6e81a4fbe5b3d2b25a4f9bdd7
activityuitable/dianqi_text_selected,13173,a9aeab0cd3dd66222a755277b852a45c
aircrafticon/vit2,5269,52746c6d58be556012ac931eb22a770e
ardebugmenu,34131,a660822dbce65e3dee1e619af50ba88c
artresource/effect/daofeng/mask02,76792,e480ab85d046ee41d252e8d04792b035
artresource/effect/fumilulu/al_plane01_1,5461,a2199c148a5af976a6888130df5ef46e
artresource/effect/heicanglong/cone01,10206,f8e59a24ec8d95676fc68a3acf9c8f45
artresource/effect/heiyan/cfx3_smokepuff mult,27110,a82cf0feeb407a8109f79f277e731dcd
artresource/effect/map_1270001/mask_136,104136,a8731cc1e822eadcab7628487c396caa
artresource/effect/map_1560001/blacksmoke01,9707,291e50d223a43a9a5a0ea7315179ef00
artresource/effect/map_1560001/blacksmoke02,9699,b7455827be361332d6b4b02800325ae1
artresource/effect/map_1560001/blacksmoke03,9720,bc032f75a8df24303119dcee99e0a92e
artresource/effect/map_1560001/blacksmoke04,9764,7c73048368ecae389c676beacdab9cc7
artresource/effect/map_1560001/smoothplane01,38227,82911aaf3dc45e4baf027958f59ebf5f
artresource/effect/tupo/jiexiantupo01,10800,85899e548e5a8e5f3a57c262147ecef8
artresource/item/bulletall/bulletch_sp/mask_03,121103,5af690d48c6379e8c68496a2416b161b
buildpainting/wuzang_building,1687014,21400162a4bd731f01ea81a68731776c
buildpainting/yuanchou_building,1812987,a8c33671d17179c1268976fba13419eb
buildpainting/yuekechengii_building,1522471,009112026ed46dfcd8a3cffdbe87ed49
buildpainting/yunxian_building,2510240,1d5d0fc06369e750825a1592ea1e6155
char/kashan,369068,b1289210dc7e6be5364dc834940ffc79
char/kashan_2,354363,c0808ce4397e9357d8e93651d0d5ec80
char/qisheng,348134,345f71f7bd0fad722884ca3686f43e55
char/qisheng_2,280974,d766104c847c861fbb8d4aa7a1e9bc2a
chargo/vit2,19187,2a8d2f8c2df94385a3aea9b1f5fa01b5
cue/bgm-theme-myisland.b,1167168,068b855fb434fafa74094dcc8479479c
cue/sfx_aircraft_fly_loop.b,638272,9b4f425bcf45811af34c01d1de5338c6
cue/sfx_aircraft_water_impact.b,518208,ef17e09890121e59ebfc87b34682971e
cue/sfx_alarm_red_alert.b,47424,15df3f10583b531adb6f5ee843829b2b
cue/sfx_bus_brake_skid.b,191008,54fd08a9d1e5e0334ab689315c516be6
cue/sfx_bus_depart.b,89376,f9ee7155190bb5ca8881c897c88f6151
cue/sfx_card_insert_mechanical.b,11840,575604f8d0fbd97335ecbbc8e557812c
cue/sfx_character_landing.b,8000,02c93aa0197763594969536228ba5958
cue/sfx_construction_metal_hit.b,164672,7324da508f14a2907d6de4298ae45144
cue/sfx_door_sliding_metal_open.b,23616,98b55abd23fb4b31ccec4a31ca12440f
cue/sfx_door_wood_squeak.b,14912,37dcf5a6f597a18173e7579a915f8193
cue/sfx_elevator_descend_loop.b,352800,99faf8139e662c9dac1b6f19b4f04d8e
cue/sfx_elevator_gate_open.b,322112,755db280a636303940b6132890ed77e1
cue/sfx_footsteps_grass_1.b,7232,64c3ad5121cab6ff41bb074230418d2e
cue/sfx_footsteps_grass_2.b,7232,73891dff35b1a43a0928fb0fa31ee4c4
cue/sfx_footsteps_sneak.b,7232,772b5decc990797e92bf64ffe12c0589
cue/sfx_footsteps_stone.b,7232,4df92c0c38c382b9c7c2b77a785c6554
cue/sfx_ocean_waves_loop.b,909376,6a8f2583656d9c5a0c587410bf9fc921
cue/sfx_parachute_open.b,34848,9f2750a0b27144b3784d845ab4b6c401
cue/sfx_phone_button_press.b,19456,5b3ba58bc6be80a66be7459aa71116f2
cue/sfx_screen_static_transition.b,72000,a01a38209cce74e364286f6c020f32ad
cue/sfx_seagull_takeoff.b,19264,92246601ea07a8cfef9c91939e35a9c9
cue/sfx_speedboat_engine_loop.b,427072,67e5ba39cb1418f28f846cdfd4c9cf76
cue/sfx_ui_showcase_highlight.b,17216,2a244735c8f251a9931e2caae85a5c7b
custom_builtin,15022618,89c9913753b067fea84195648ef73d96
dependencies,4352192,84f1b57072589a2cfa61e0af46bbf56b
dorm3dbanner/banner_furniture323,150314,da2e5b1c3e6fca4aff1c881339ae7688
dorm3dbanner/banner_furniture323_shopcard1,185230,9691a61bf4be3d4e32865ca270169961
dorm3dbanner/banner_furniture323_shopcard2,90005,26466c81e913099aeda1c7744f804405
dorm3dbanner/banner_furniture401,154815,524d34504f8090e2f9ef41b5f3593a1b
dorm3dbanner/banner_furniture401_shopcard1,192884,f23aa9d842d9ce261489510056c257d3
dorm3dicon/3ddrom_ankeleiqi_premiumfurniture8,10241,8bb9961d2fff22cf77ac55b2f2144c7a
dorm3dicon/3ddrom_beach_premiumfurniture1,8396,e44e3de1ddd0903ef61eaeeafc436b3b
dorm3dselect/slide_invite,102700,83d4eb8053b2764a753b59cfacd67310
equips/85560,17039,ba7e74307074fe505882a8d3751b01f3
extra/outline_material,31790,ffea34e36e104cf14fadd3df86372194
furnitrues/chuanmo/xinzexi,38295,c31e9c212e7d322f411c0dd897731ce7
furnitureicon/xinzexiicon,8525,a45923546a9cb750eddca5d9f42f55ed
furnitureicon/xuanzhuanshoulijianicon,7245,f0f406a0ac01a353738786df05292178
guildpainting/guild_event_boss_2,255136,fc2d3889e19792097e649e7bee824536
guildpainting/guild_event_boss_3,488052,d1e475cc6afa9d0cee3a8e8ded6f0748
guildpainting/guild_event_boss_4,469171,d985e40ec630e41b67e21ae911a094ef
guildpainting/guild_office_blue,354101,1e98c2031d13788c9160f2652b2ab29a
guildpainting/guild_office_red,707026,d6486593f0aaffc12b0a6736e364b621
helpbg/handbook_tutorial_p19-1,244364,cab1413d1995c131e87626c3746a6725
helpbg/handbook_tutorial_p8-1,239937,af71d3cc932a23b77d8f0f85aa094cde
helpbg/handbook_tutorial_p8-2,259878,f6039e7edb443fbac5fd45a90aa38069
helpbg/handbook_tutorial_p9-1,239439,fcd899ad3b4a208c34de7d50bc6c5c3b
helpbg/island_help_cafe_minigame,139864,ffe464455589b6415095eb1f544b7746
helpbg/island_help_combo1,153877,f16249448d2bc9d8ffd28b5e0d86cc1c
helpbg/island_help_combo2,140780,f65c8e601660278b0c30fc14c16fdb30
helpbg/island_help_commission1,140485,2f0914b36404880fa47b1bb13448626d
helpbg/island_help_commission2,139396,4418f6c070236eb17d288eaa9d202118
helpbg/island_help_commission3,135872,eaa9fda811ce38acd4cc26f41f6ff03a
helpbg/island_help_commission4,136909,aa1318e897348b7f534072109e944f4f
helpbg/island_help_farm,148087,301c57194fc914b390c3a85b178ebc52
helpbg/island_help_friends1,149175,0aec04932d1740e94dae48b2b39dc6f6
helpbg/island_help_friends2,146237,1014877b20f2b9e235b2a700d077929a
helpbg/island_help_manage1,140328,fcfd6f769e39fe749a5303a7d180a450
helpbg/island_help_manage2,133360,3eff7114ae5564e3f7316d13d5c7fb8a
helpbg/island_help_manage3,137526,5948866e4afb5411b553edcc8f3ba982
helpbg/island_help_manage4,138801,483727f7b6f5f84edaba619671f33b49
helpbg/island_help_manage5,133315,c384f0651e5076dd3f8d0e287fde4b0b
helpbg/island_help_ranch1,144465,2ea6ca1e0c05ff9cf4a06346dfc03317
helpbg/island_help_ranch2,140117,c1970a1b710711f309367ec722e18612
helpbg/island_help_season1,147311,97bffaffc22bc74f4480d42ccc453ac8
helpbg/island_help_season2,135038,060830ca9f387c5b059ea9f289dfcaea
helpbg/island_help_season3,140688,3ba10aced6772f6d5217a5fc6ac24d8e
helpbg/island_help_season4,142489,06f838392bd72f519396aeb591b1c0ca
helpbg/island_help_season5,140030,11411a8822c4997cf2f440cde3d95930
helpbg/island_help_ship_order1,139137,37fc32aa5eba771f97f86336138f4fe4
helpbg/island_help_ship_order2,132856,35844b87511c1eb3f2abd9f4d8900304
helpbg/island_help_ship_order3,139249,5104cc0cf8dabcf3840313abde263b56
helpbg/island_help_signin1,143190,21faf441481e54e83b270bcba25a4a9d
helpbg/island_help_signin2,138785,31e98335579b8a269f3906c93b44e450
hybridclr/hotfix/azurlane.hotfix.dll,34304,138cd5f9e09b902d86f3d938f0b07868
hybridclr/hotfix/azurlane.island.dll,156672,8c81de18b4b3834cdbf531625ccb2222
hybridclr/hotfix/azurlane.timeline.dll,32768,7a5c7f91ef1e5eb6e3764a7aaa0d33df
hybridclr/hotfix/azurlane.tolua.hotfix.dll,120320,0f41ce2b55c38cdee7ee195b5ac2960b
hybridclr/hotfix/yongshi.blrp.runtime.dll,605184,a07ec5841303df3820f90926d4b266d0
item/bullet_nengliangqiu,52818,f8b44ab2fcaf67135945a7429fa6f237
item/yulei_aoliege,76121,ab764e8c915a9e89ce366266425f551d
l2dshader,24158,a7ca8b713aeec916ba85b1fde9240b04
loadingbg/login,1837836,f9a8d7d13f2592eeabba12a7ee68b215
metapainting/970108,7138,fcd9468d02df8ead027f2f5743bbae09
metapainting/970201,1018036,56ef5bfe7f1272de56e26feac2693819
metapainting/970205,1430753,5e8bc229311acab226c43b15a1342cc5
metapainting/970206,6925,1184920891057b0a16697b18b929a546
metapainting/970302,1608624,745ddcf13e2e165c557619d22fefcf7f
metapainting/970304,1784226,a1f6d44aab884b3e783d4832c93c8d98
metapainting/970401,1078139,699be77457cc553affa9a7505df6fda7
metapainting/970402,1235179,3db4e80731d1f318a85db60e80e7203e
metapainting/970403,852419,43dc006a7eea1dfb7705cb3c2d056dbf
metapainting/970404,1114100,e2391b630c0e9153563694a147e3b633
metapainting/970503,919142,35fe478f849313607500c74a4db8ad64
metapainting/970504,1403970,dc62f4090d320327057f7a4a40a4a250
metapainting/970505,1517367,8b568f834f041fbab06a44d999a5e840
metapainting/970506,6856,3ffbd410f90e09dca30238ac2c4e1383
metapainting/970701,1231503,cde85a2949f073881f59acee6f6c6050
metapainting/970702,1066146,ab16bc6eee129b183ac124b1ab95969e
metapainting/970703,1529143,c9db264f068b7c57a27e64a4fd6aa8ab
metapainting/970705,6860,026b09a45870bc50c02e366bc05b5add
metapainting/970706,6876,c8f3003b718f7bc8615c678b4a74ed89
model/worldmap3d,444986,7b0fdf833b72212d4af90b4273fddf93
model/worldmapmodel,11042176,5edf4205496665a8f7d9d73b51e35d71
painting_filte/painting_filte_list_change,14301,d9e775cbc10fc76ef8970e3560cb962f
painting_filte/painting_filte_list_const,5915,1ba9c1e264d3de91d31abe6b73f81784
props/electboostdevice_re,7395,25136a5bdb8d7b9442148e77635af0e1
props/meifu7th1,8081,83c0db88fd1a531b32ec35afed532268
scenes/worldmap3d,473187,1114f4c5950b7f19ae89d6053a391395
scenes/worldoverview,63514,99f98fff7e25d7e5c41a470b7be848ac
scripts32,34600705,737350cea5a72a051926b8ad1b3e16ba
scripts64,34667579,f1cc6eba278536ee0cc18700314e7805
sfurniture/chuanxc2t,179750,dbbefe36e25a4b95e98e5aeae608e277
sfurniture/huahuajiuxc2,34098,226bea5a8957136570ebe639f0fcdaeb
sfurniture/tuichexc2,27222,61a07ae521f8cacb6cba2d69f8720e43
sfurniture/xiangziduixc2,30743,dddd0be63861279f8cb184756c0f3d2d
sfurniture/xuanzhuanshoulijian,45876,0f8da388feacaebf46d5a029fd1ff3b6
sfurniture/yujinxiang2xc2,24057,f409002523188d1defebb7906132f724
shader,598203,3884eaa5f58ae5e7d01aec39d563f83c
sharecfgdata/gametip,1078709,1e58e953ca58b43fed698a719356ba86
sharecfgdata/item_data_statistics,1661448,91132a1a314661737a61c1c13d0d9d4e
sharecfgdata/ship_data_statistics,3895454,79b12f7523b362ad65a5441b4db08785
sharecfgdata/shop_template,1186797,2ee4a9806a7b3f2041380acc63923563
sharecfgdata/task_data_template,4065364,c19ca9f8bfd3d2da78bb54ce883b025c
shipyardicon/jiujiu,20621,bbf837fb1bad883394731fe4594e731d
shoppainting/aila_pt,433798,b66861b537087b3e938e77cbacf2a66f
shoppainting/banerwei_pt,580823,54f457517aab54b05b702ca0d0114c80
shoppainting/banjiu_pt,312161,6f529ea03dc075083f548ca745d6dbdb
shoppainting/buzhihuo_shop,284923,28f89029ab4d4138171d684f7eb66e11
shoppainting/chuyue_pt,651191,30e83393c769615d9fa9600d4cfb9517
shoppainting/dadan_pt,7400,25c439f644da983db860f0e54a5b5e82
shoppainting/dahuangfengii_pt,4041,a39722f8a3e09c57b048cae4c354dbee
shoppainting/hailunna_meta_pt,480207,17d4e0ddbb9392cf153da5e340503fef
shoppainting/huangjiaxiangshu_pt,542858,bda5ef985f776a6bad20f7f5606d69f6
shoppainting/jinluhao_pt,358210,c698c37c3e07efc50758c33bb98184f2
shoppainting/kashan_pt,4036,977e27772e3cf6235c583f2d12018b5f
shoppainting/keluodiya_pt,565682,dfdf1bab6c0489c153151517fb0e2422
shoppainting/mengfeisi_meta_pt,594639,0f25c12c30a562eb04b25dfdb1b72f67
shoppainting/mengfeisi_pt,767498,a7dc43c7aba151f90ad3c364acd18779
shoppainting/mengmeng_pt,4086,2f65fc2d4cd50df4bbbd61d0fbfc4085
shoppainting/saidelici_pt,604201,9612221da3932851621052e601606731
shoppainting/u556_alter_pt,482337,c9329afd89a4d599992a2575a231f067
shoppainting/zaoshen_meta_pt,466889,d26603f3e417f720453d5b8906c3d0f4
shoppainting/zhumo_pt,610766,9c88a9f627893597b429a3ea7a034482
spinepainting/aerbien_4_res,13486989,be1125782151acd6684700031012326c
spinepainting/aisaikesi_7,5956,e82e69a9531842fd782936fdfb664211
spinepainting/banerwei_2,5871,001c2ab117149e93386e1132047e46bc
spinepainting/bisimaiz,6279,5e734dc7f98152a5ae5e1661644d96a5
spinepainting/gaoxiong_6,120043,c23843c58f4c1235e969088b091b33db
spinepainting/haerbin_3,34357,1e1af8baba3483ecb530fc668d44985d
spinepainting/huanchang_2,41438,ac300fee4499c32787452a3d5cd70c84
spinepainting/huben_2,63655,7e885d1fb53e40e266e1445922d1ac95
spinepainting/kaiersheng_2,5851,1b65388002d37216cbf26863fa597c83
spinepainting/kashan_2_res,4586615,8759fd62f4ed5bdd02cc22ad07879357
spinepainting/lundun_3,5874,539745c15d32d2ba199346f3eba203ce
spinepainting/luyisiweier_2,5933,01d6a515b7dd19f96f267057110afaa4
spinepainting/masaiqu_2,5792,b49b1531427dd5cbb57c45c1c376afba
spinepainting/nengdai_9,34565,a035d13cbd92d94cdd136edf0b4aeeca
spinepainting/ougen_7,36031,b7717d06142f240c2169e1884e34e9f3
spineshader,214955,1c56da20850c869ce9a34436c9523057
squareicon/jiujiu,13048,fcff5d1b6f7e7d31010d398af9b79f92
three3dquaitysettings/defaultsettings,2702,a586924071d6d2dee5312a203d8a1a54
ui/3dd_select_atlas,539610,dd2bdc1069ed799829442eb65e001336
ui/activitybonuswindow,16737,30d934325868ef8b312ab2d37202dda1
ui/activitybonuswindow_btnvariant,17091,f2ce07ac983af38a1c85e1cb0a8e124e
ui/activitybonuswindow_nonpt,20415,952da0249eadd0a2b17c14bafddd246a
ui/activitybossaisaikesiui,18494,a1f21b6429a30dacf5385c31125633c8
ui/activitybossalbionui,148437,230b9a4cbc816145da2339381315b7c7
ui/activitybossbristolui,67429,75af19509e263dcedcb8110edff390ad
ui/activitybossbuffselectui,14250,05d524f9af2f67469b012eb1a0a79773
ui/activitybossgoriziaui,187864,1320074023c779f47d4c321a3f271de8
ui/activitybosshuanchangbuffselectui,14015,1df37edac2fe4917749c69fa5126a2b8
ui/activitybosshuanchangui,360064,8abe4e706a7b908cdbab465b5e31ff19
ui/activitybossjianwubuffselectui,13991,398f3e0ecb39aad0ae9976ff1e138505
ui/activitybossjianwuui,25339,7a4c263c82f94febc46d30b9c1109dbf
ui/activitybossjoffreui,153304,f5ae0e944e2c225da07d1de154c4fd3b
ui/activitybosskuybyshevui,452626,642eeb3560f1b350e7ca0758d3648951
ui/activitybossprecombatui,37332,09a7d2df197ed9496f947cb82f83f75f
ui/activitybossspfui,16914,9f8b0b5c1b7cff029c1a5960129a195a
ui/activitybossui,26448,d8cc7198306950dff65fcb2c779c8438
ui/activitymainui,14647,d502d43ca2e3eccdca5f594bfbf32db8
ui/activityshopnewtpl,14615,bf8f90c2aa137bbd619f0ecbbe25feb1
ui/admiralui,37191,2e06d871022378943abb962b410c51e3
ui/aierdeliqialteritemrepage,461187,6ca3e9f4a44b2b37cac17db8189d2af4
ui/airforceofdragonemperyui,41387,0b5ac2ac967d95a14aa967bb5f133d3f
ui/airiloginpanelview,8581,7421aa6fd69b0551963b149c8da7fa8d
ui/airiusloginpanelview,18502,f75cf43e6debe82ae98ccf51f8523d75
ui/akibastreetui,11124,dab20aae89a04a0878f8693016fba2fc
ui/alyateliercompositepage,784155,7b51a1929cc4d2caf3b0761e7258e9c5
ui/alyawardpage,1960553,12d3169be97e653c3c8bda428c5e29d9
ui/alycoreactivityui,808051,d2d9607b49d05245da7233e4e60264b7
ui/alymainpage,13455,1ee2e887ba5bace236c0b0bc16a9cc04
ui/alyptpage,1429133,fc649c21b8d23acf6b9bc92dac22e074
ui/amusementparkshoppage,26771,9542b91492e094dc6cedd259c61a68cb
ui/amusementparkui,10870,295ad9ede7cec186c51d821cdc93c6a8
ui/amusementparkui2,10074,218c83607e864e02efdb9b6876eef457
ui/anniversaryisland2023ui,11845,09dc6868573bf28cf456de67577f3ca8
ui/anniversaryislandcomposite2023ui,23547,bf89ab595d0e2ba66c8ca6d263515938
ui/anniversaryislandhotspringui,64397,109b6f894e631f2d05ca9fc072b376d5
ui/anniversaryislandspringtask2023ui,16727,94762f823270e82545ab7b13fb4ced5f
ui/archivesworldbosslistui,22576,faff9092f882a9a7424b895964015086
ui/atelierbuffui,100152,6d5876448d28930a0b63f463fe03766e
ui/ateliercompositeui,103351,3c48e30d34338474b21ebd1923298967
ui/atelierstoreyumiaui,17753,1f1f43edf7cb790f33daa0247deb9bf2
ui/aterialyumiacorebufflayer,65848,cee78e22e2bdf36ac3df5c1b64d29391
ui/attireachievementui,15759,ebf09082e96d20daad62beb1393dabde
ui/attirechatframeui,14704,6ca54ef3730c3c73c55026ea8b51d353
ui/attirecombatuiui,19084,fd9a3b06e023865b083e9fad70653781
ui/attireiconframeui,15076,3ed47df54520550320a61a19e7ef474b
ui/attireui,12549,b6de6f10a67193dbb1b55b35c78da5e7
ui/backchargeui,38284,f1fc2408da69ae8a7d72d58ca3f003db
ui/backhillcampusfestivalui,913068,eac964c197a2a1b95eaf07edeba04b09
ui/backhillfifthanniversaryui,983106,d11d412a14cff9947ad93bcabeef5330
ui/backhillsummerparkui,7142,68f604ff0b71e147f39aa56e43796aef
ui/backyarddecorationui,31576,410af3eb3fa848f0b9548aac9482f3ce
ui/backyardfurniturepage,16977,f782f3a4deee260cb1b256eccb84ada6
ui/backyardputlistpage,10793,e8d3b463b18768e49a0e547ebb6a84ec
ui/backyardthemepage,16724,56e9e2faf9ddea07b50a6407c217b1b4
ui/backyardthemetemplatedescpage,8691,73f1c953e3df30f7b3f1811044a67453
ui/backyardthemetemplatethemepage,20929,f73a6553727a3d1732b473462b24d837
ui/backyardui,59203,c8d773dffbbff816186d94ef79f407a8
ui/battleresultbossrushalvitexui,11377,070c1857434e6b6886cb7ef576b27154
ui/battleresultbossrushexui,11422,74da19cdaa289dca9675cd01c46200d8
ui/billboardui,28245,4b20bcde147da7452d9aa539e336d2f4
ui/blackfridaysalesui,814004,f79ff8d3b063c67e00d4a473731d7a94
ui/bossrushkurskui,62132,efb96ecb94e61b544196a9ff95c439cb
ui/bossrushprecombatui,38792,efb597a64cb4265d8b42a7df65ed2ff5
ui/bossrushverzenkerui,2194251,ae27577b6dccabcbf11c7ba49802a04b
ui/bosssingleprecombatui,35343,bacc7a63595e7de95e462f13944aae67
ui/brscoreactivityui,402266,45e977d4fa16c16c01614db561efb57d
ui/buildshipui,16033,4d50963210080bacd88748db8bffad37
ui/catterysettlementpage,13187,0b824026921137fb711700e528358d29
ui/challengemainui,329116,fa1d1034816ae14e418244b844476a5c
ui/chapterprecombatui,42701,e94b74004cce5b7486e21cc69b30b108
ui/chapterrewardpanel,15155,2a4d2f63f2746a534f61aa46a154cad9
ui/chargegiftshopui,45742,bce5023514c8ad00a883e8b8651a9ad3
ui/chargeitemshopui,10006,c5de2046212fd4c3fd0f319c8f363eb5
ui/chargemenuui,15436,6e056e3a80906d1aafe70f469a4f3bf7
ui/chargepickshopui,46130,2c285b113b8a78ce8b739441b83a672d
ui/chargeshopui,51309,1e4980e538dae48a355b4b88c87cabfd
ui/chargetecshipgiftselllayer,160220,bf5efc1f159e47bab284ae213ae5660e
ui/chargeui,119073,90a3ff00d18b6cf1e96a955c4e4885ed
ui/classui,14907,d9015fc60ab5faad4c529595934d8001
ui/cluemapui,6647942,997d374e3d31cb34a9151b39a3446114
ui/collectionui,52930,75fff501d1f5eec5940684d0368cb65c
ui/coloringanshanui,20740,6e413650b0a7d0f1ae1243bd6b2a0107
ui/coloringillustriousui,20744,782e5d8c0bf1a10dcefc78d64b62bf8a
ui/coloringjupiterui,21131,dbf6a42d963503e7cd078a1f2ce6b906
ui/coloringmingui,20701,267f4957962ea6210aabc5650e363c78
ui/coloringui,18110,9aa640b679e5b8be08ff731de663bd9c
ui/combatpreviewui,6789,627bbcb955e4b511ef0d8a251a1c2541
ui/commandercatui,11475,4c9945c20d6ae9180ed0a0981142d6ab
ui/commanderformationui,24186,e3ba06511393fc54fb3cef3b06a964f0
ui/commandermanualui,1218369,9555d0723d845955efdff85a9cf9d13b
ui/commissioninfoui,43443,cd5b1546f51b007caccf9f10de415971
ui/commissioninfoui4mellow,45426,1363bbe2d2e8c7306dd397d819840ac8
ui/compensateui,27145,0763aac6891db88c3a87ef06035b66e5
ui/courtyardfeaststoreymodule,25844,081c51fd0db74fe1b6ffdb153f8a8612
ui/courtyardstoreymodule,25787,42ca0521ebdf13283f680d314b889c3e
ui/courtyardstoreypreviewmodule,25674,f0fc3d7fef867a264d06f0c6e7bbcac7
ui/courtyardui,22220,fed6c7613071e7a8b555573426675a06
ui/courtyardui_atlas,149396,63d3c0b4703b5d08339b4cc5cd4b97a8
ui/cowboytownbackhillui,1271305,512f13eead73927e52a233fcb8edb6e2
ui/cryptolaliaui,394915,0dd4b506a4b44b54dba63d075700f72e
ui/dailylevelui,54978,d3884be50438dd20ec89db742f57be98
ui/doalinkislandui,10236,84eff9d2423b22232487005c78405e7b
ui/dockyardui,52096,391db3e2116ff94b043588493ad83edc
ui/dorm3dfurnitureslideextraui,7498,df482108dd8e13e67125cc3be7567158
ui/dorm3dinvitewindow,128590,91b69e3bf910a9d8f46524f214f1c2ba
ui/dorm3dmainui,1366081,159bfcff4747a2356a1f60cefbcb23cf
ui/dorm3dsettingui,14201,97bf2c86cf88b0690480cc6afb80de73
ui/dorm3dslideui,1600572,fbce8cbb68338523a5a37ca6b0d7a76c
ui/dreamlandfullpreviewui,39287,f7d369f5ad3d8021dd3b03ecbee986b5
ui/dreamlandui,17444,96cba422a334022d868ec77beffe5931
ui/educatearchivepanel,26638,1d8458478c933b7b344de4f96090b92d
ui/educatechardockui,199773,b82d641cdbc4bd38b76bdf14bd404144
ui/educatecharprofileui,203678,9642c8e4b622116598efc2aaea2094cb
ui/educatefavorpanel,15357,5bf35c4c75a363ba6ba3e35096f8c7f6
ui/educatemapui,14177,02740b7e2f782047bf4999dfd2383f25
ui/educaterespanel,8059,29a038d1257163ca92ae7f5744aa32f5
ui/educatescheduleui,49597,0cc0df03e74c1af44ae6eb3327e7d9ce
ui/educatesitedetailui,19266,dcb8cdf5d593e20064a9ef272ee7579f
ui/educateui,190121,6a668aa330c3cd5bf6d948772b2bbad3
ui/equipcodeui,77771,17c8d78f768e498edf7ff2c0071e4976
ui/equipmentdesignui,28632,87a242b5241d2d683c8c989e94580e54
ui/equipmenttracebackui,21660,b93b70841710f72f976da38b2fa52c1a
ui/equipmenttransformtreeui,18115,03dcaf0be940a23f6701c68da19ea8cf
ui/equipmenttransformui,25440,b9bd0f4475e496c5498e8a912ccf7f63
ui/eventui,50689,6e26c4b33b438a8734f188d248f01665
ui/exerciseformationui,27380,7c9fa25365555933eb5f4555d9397e58
ui/formationui,57818,bd4732c3246b5f7b34361cf4ccbae775
ui/friendui,14157,23791e34afce3bb16e941f156adc2a82
ui/galleryviewui,3923,226255f6fe2704ec63b50be2a0191f34
ui/gamehallui,55270,782cfa4697e03c07658f3fff1dc4e2d7
ui/gameroomcookui,1819855,3aa6fb0aadf81719e635e3d958df0205
ui/gameroomfushun3ui,82866,9a2f6c9acbbdf95aa2da8e91848b2ee0
ui/gameroommusicui,383520,6d56d0fc800fb5351be062a360c95e0d
ui/gameroomqteui,21782,55d0dbd50ad7955a32c48aa5d4953842
ui/gameroomshootingui,48336,143be4007f6c029aa604c53a6c81f5e0
ui/gameroomsnackui,41336,423b73ecd56fa94385246e802046d915
ui/guide_atlas,105566,cbad84eecece1565616e38e90c03407b
ui/guildbossformationpage,16712,a6e6484af0cd82217428a374c56892e5
ui/guildemptyui,4016,333ec9ce63a7d4e3e1981db922d57dc8
ui/guildeventformationui,8274,eb9dad7b75f5cabac7086a4a4ac7967c
ui/guildeventinfopage,12453,c22beb1ef757854ac15f934a0cc8667a
ui/guildeventpage,12694,2b03ea261b17bcbc2b4661b3bf3e3768
ui/guildmainui,219745,80571735585c44c94ad4371200967d3a
ui/guildmemberui,9200,b5ab3ed1c677f3b6910182e8bdb4c0c3
ui/guildmissionbosspage,10804,cd8e0a0c55d0201456722845e0234951
ui/guildmissionformationpage,17318,cdb12c7ec880bbd9c21dcf107508876d
ui/guildmissioninfopage,14431,32f3ff48b4ba68cad237792e0bc9f737
ui/guildshowassultshippage,12116,91023402652265e5da68890d3b1c3a92
ui/guildthemeblueui,25315,6b237483e0635e79197cccf7d5875f2e
ui/guildthemeblueui4mellow,25355,fc04e2ec3b6d8b7631c570f5d8454f3f
ui/guildthemeredui,25318,9439ed8f9b8e270bb65933954255dcfe
ui/guildthemeredui4mellow,25324,22ef3e0ce713a6d3bef6567cb681e5b6
ui/harborbackhillui,6678,0bf45001de82686e94434949ead1c676
ui/heiyanawardpage,630137,114379d484ddf74344ae6df63d6fc234
ui/heiyanptpage,256020,4f517774f9123047e36e01b440211bfa
ui/holidayvillahotspringui,60644,685024a4b4d1876a27a8d3585380e796
ui/holidayvillamapui,36092154,c2b59d2321aed19877a4a89cc70e6d91
ui/hololivemedalcollectionui,12653,9712bc5358de1d261c5beaf801224faa
ui/hololivemedalcollectionui_atlas,173114,2c26e8492894597b5d6f2e851b17eef5
ui/idolmastermedalcollectionui,9432,58785c36b751269acc2302db69641326
ui/idolmedalcollectionui,12338,96effd39e79b15705c3d959090c0b9e5
ui/idolmedalcollectionui2,18741,0515cb2aa9d2d2763e85dfbfb2c29fd4
ui/idolmedalcollectionui3,19029,580c90c30d85bcc5c01166b43ef2a159
ui/joinguildui,18560,d9dac242500bede53b4b82c8b987240b
ui/kindergartenui,85962,bed801ac7c24f1635f835d13e74b3970
ui/latestskinshopui,60567,3b3fc7c59a7243367591c6d5ae94bb9c
ui/levelmainscene,134513,a64775a723fdf367671bad28c28791a3
ui/levelselectatelieryumia,51619,246e52542a08f4541650b79f4f12dbd2
ui/levelselectexspui,81550,b06baff6d94cc4ecbff49eed2bda1ccf
ui/levelselectspfullui,44778,ca0abf5222f75202760f8710908d44f6
ui/levelselectspseriesfullui,35582,e581c507e3ba13544700bae29fe82b95
ui/levelselectspseriesui,25231,5bcefb3f0be9d45d0b3fa415310d8eb3
ui/levelselectspui,30798,fa6c6e23f85919739350857126edae68
ui/limitchallengeprecombatui,37096,0a00dee17d1d0b4ae0c5419eade29631
ui/limitchallengeui,18699,59ff01b017f2c500c8f3adbb34686856
ui/linerbackhillui,112809,a9db545b1755b300d85f3d56e9846be4
ui/loginui2,28245,fb2f50cb13063ff56a983173d5adddcc
ui/mailui,51168,171a05b4a841a72e226430ae7c79cd2f
ui/maincalibrationui,7925,f10b1df06e942c57b6791bbcb115e36e
ui/mainsilentviewui,18278,7148e810b830c8fcfb3d7b3301fbac9b
ui/mainuichat,4869,c6dfbfbc80bb593e8e3cb83793a96204
ui/mainuichat4mellow,10693,156ba1a55ae9b749534fb73558bac798
ui/map_1910003,156038,c362c93942f511c7d945f9a7c0a8dc26
ui/medalalbumdivinelightpage,943462,5e1a49c35172b237ec9924f2ae9c4f13
ui/medalalbumspringfashionfestapage,1749279,98149a197fa78c8f35fb1f650a197f09
ui/medalalbumstarlightpage,1088298,3aad7d76e283b3cc60682d06b3a3b39c
ui/medalalbumvalleymessagepage,628505,ce71817a0c459bffcfe4a2a13a1b00f5
ui/metacharacterrepairui,210372,b5187299f274f8050bb1211ab4df306b
ui/metacharacterui,31987,bf7238723cefba997d027994d7eab068
ui/metaptawardpreviewui,12426,03005ad35fd55b633bb0df80fbdde11f
ui/militaryexerciseui,52822,45fdc063b43041ca90a716747794f368
ui/minigameui/match3_atlas,1331724,1253177c3e10e2ad32caa47c62369da0
ui/minigameui/ryzaminigameui_atlas,9453146,d5e7173edc704cba0dbea205c3e5d473
ui/monopolycar2024ui,75843,522c8d2ef12ff66d417dd7deb46129c6
ui/musicfestivalui,14365,6749fced77d72fa308b56f390efcfacd
ui/musicfestivalui2,11199,5dc3dc6d84a0edc8f3215f2e9970e4be
ui/musicfestivalui3,7231,68392ddfdc3f10c96891fb1b7c92b125
ui/navalacademyautumnui,380289,e5d5e2aef68194157c370256e24c5c50
ui/navalacademychristmasui,402968,c1fc5c64cc2c103493b4f03229ce804f
ui/navalacademynewyearui,387653,f0251396c46dffc421e376f14b2a423c
ui/navalacademyspringfesui,388661,f75b67aeecb247522046981181520dca
ui/navalacademyspringui,410629,2e12bdef2694c5ce4417bc9568a613cc
ui/navalacademysummerui,410152,39b4bdca04c0b1205fa30846fd11804f
ui/navalacademyui,18479,a781ff716510031059eed11f443aac10
ui/navalacademywinterui,19792,44bd69b5af520e71d0e4c2dc79cdd7ad
ui/navaltacticsui,44619,4bfd55723f9bb98ee8257d3228a58b60
ui/newbackyardshopui,16743,35a983d5329fc4f2d79e8b0ff18de994
ui/newbackyardtemplateui,11354,17ce5f392ca7c2cdc6621996b6386709
ui/neweducatefavorpanel,64038,dd37b52abffdc3a134f812bded5fd367
ui/neweducateinfopanel,24321,dcdedb6ca9e52ab4fb71a067329df0f3
ui/neweducatemainui,179485,754d8cd2d87a83a34f690735e24f1a5b
ui/neweducatenodeui,36652,596a35a0a4825978b2cf671254241252
ui/neweducatepersonalitytippanel,58280,d1c3dacad30c6b76dd158ca580e42c24
ui/neweducatescheduleui,33394,118d8417f814dbdfb909ed93f1478915
ui/neweducatesitedetailpanel,20346,4bbb5e2ecdaf8d94f44cfbf72c11b1ec
ui/neweducatetoppanel,16773,b23a562a805e2a39c113e9e3370d699b
ui/newguildui,9689,a95181f30d66e88cf6c6dfc66e605bf2
ui/newmainclassictheme,35233,df7e07c35ae11e0714de6c1a08b20450
ui/newmainmellowtheme,591131,efa8fc4d6b507d123508ec1beed16948
ui/newnavaltacticsui,8296,007d785789ebbbe0ed21a3e01ac11c42
ui/newplayerui,28930,37dec3d375c6df4e47d10b9242982fb1
ui/newrecommendationshopui,33920,ac80384692b2c7b844b2075930e00f77
ui/newservercarnivalui,13146,a8dac94ab8796bee98849c1e7e8d6aa8
ui/newsettingsui,14072,2777dd82e0ca0d34e08d703af8183e74
ui/newshipui,26795,f32e60bf56aa841dbf7c867f763f5f3d
ui/newshopsui,27435,3d520c3cf0b4eabc1902b5312addbadf
ui/newshopui,67266,626a52cdf8fe0864ba4b607116cddf69
ui/newskinatlasui,27920,eb15bab6b57aa25cfb73e9782badaa30
ui/newskinshopui,36391,196e8f64d6d647082d37716e3cae8a39
ui/newskinshowui,25294,1c6c36eee17c41223da800c265d1adec
ui/newstoryui,28524,a23077526d28b0fa7b90aab40155ea3c
ui/newyearfestival2022ui,10831,8383688f31ed330967b6bea4ea1741d8
ui/newyearfestival2023ui,48568,3063feba1b24be18495c6f889d8f63e0
ui/newyearfestival2024ui,38528,e77caee151f4d0c777eaf2bb7a997af4
ui/newyearfestivalui,12060,cf25b1603ab914fa44b6cac527fa5daa
ui/newyearfestivalui2,7635,3cba5083e254c42ce306ec6332c0b492
ui/newyearhotspringshopui,13195,f5f3a6d4327ee71746cbb78dbea91599
ui/newyearhotspringui,59802,d1f335038e8ecc781ce8d3ad1d3c552e
ui/notificationui,52222,ac9f526f0862f5aaf5bdb74a8b79138e
ui/notificationui4mellow,53178,575f00303a4da027ea69c3cf12379bc3
ui/otherworldbackhillui,8363,381a5facb5c60bf8a3b6e3ef45197f61
ui/otherworldmapui,27260,7168f755c9a5d44bca27bcf897bb933d
ui/otherworldtempleui,36713,7f5e2369bbe926bd79d1124db8edaa43
ui/playersecondsummaryui,40817,95c91ab054c53a0214658ef1069ead3c
ui/playersummaryui,737686,67b0db78fc3d98ae2c43a2dcd4ca28be
ui/playervitaeui,11086,d9efe56b44f672622880d2d533bd53ca
ui/precombatui,34349,f2af7050bd6819ed1b740a58e5225f57
ui/proposeui,19763,b0261b6d085fd06ef55e091a08250432
ui/publicguildmainui,13287,4b090f807bcb6cdbde3d3e257c5a8d30
ui/randomdockyardui,18724,a549849178e780042d726faffc785754
ui/redpacket2023ui,8844,c2d0a1f5a53d2540d69829ac7daca252
ui/redpacketui,8736,18f6e37c0227074fbb91637dd15c1e40
ui/refluxui,10136,846ee67efdf70f2d9ca37be3e272d81e
ui/respanel,8607,37987ea7efbe157a0fd9f4b2a771af3d
ui/rivalinfoui,11833,1f204232ff03d51a3bb8638d16af5745
ui/ryzaateliercompositerepage,5926,4fcb8d94addeacf66e07b200946267a4
ui/ryzacoreactivityui,10431,fb127246b1d6ab7bb141a238ea4ac4d3
ui/ryzaurbanareaui,123139,49009b747ead08c66b1f1fcf19dbf323
ui/secretsabysscoreactivityui,863313,97457a31805236b5b9f9669c76d61e02
ui/secretsabyssmainpage,2360589,955544a216fdd2d3fa7ef281c04cbe62
ui/selectdorm3dui,2034413,45ac0b1aad4f8ba9d9d766e06511dafd
ui/selectskinui,23625,d8e61a70c3cfef7da2daa4d0047a33e7
ui/selecttechnologyui,12157,fc7f655c0204bdadb76f2fd925a0b4c2
ui/senrankagurabackhillui,8159,02707f07df59508eae19ba2588b7056e
ui/senrankaguramedalui,28767,cf7cba5d608960c38a18110c215ddbf0
ui/senrankaguratrainui,33702,403a9a69d214b2ad0e63ee6f0eaaec7c
ui/settings_atlas,334004,acfeb02eaa45b0150cb482e328aa56c6
ui/settingsresupdate,15945,1e3ab14eb74249cb2a1efba05efbe93b
ui/shipblueprintui,345777,298a92ab03f8811dc9f98a5ea6c2d2cc
ui/shipmainscene,21384,7e8475696cbc6d6e4438aaab490ade93
ui/shipprofileui,29218,bbe66927e3ac38a576e8788be773f9e5
ui/shipremouldui,27685,299bd63c6593d26e22352e0fc402a71b
ui/shiprotateui,7364,0242f9926e2822ff6828526698c2162c
ui/shopsui,53690,8d55b86033b3ec2a3b35300bcfb1bf59
ui/shopsupplyshopui,21688,560c6a14cb0a570378ff4885839e34af
ui/shoptip_atlas,15464,d1047d0ea9ca06b5a3ba73c08305b30f
ui/sixthanniversaryjpdarkui,44023,bf49b843942a0de042615f768fadb284
ui/sixthanniversaryjphotspringui,60262,7eec9eba6491d8fa6582fe32576dbf28
ui/sixthanniversaryjpui,6938,4f72cdc832639fc6b1bd799b387635a4
ui/skinatlasui,23223,7a900bbfb4f22e678d0d811a3afdebdd
ui/skinshopui,31080,04f958039c6cc575028bf2327abbbd4c
ui/snapshot,40106,c148b3aa472375f1c54d24555dc631dc
ui/snapshotselectchar,16812,1da19f39193328e343486c05e7dfe2dc
ui/springfestival2023ui,8454,9721d3a1f457c70e0f5e12135ae550a8
ui/springfestival2024twui,8605,066bc3a8e1248a206d8c7cf719b18883
ui/springfestival2024ui,8541,58264c1e98e5c6a5653f298cd8c6f65a
ui/springfestivalbackhill2022ui,7695,f209de7254e3c1f98dca2af22d933a9e
ui/spweapondesignui,17091,6d680e34a98d71bd64626a3bfdbe8646
ui/spweaponstorehouseui,24322,df10afde3ba021696678fd5cf3e26eb0
ui/sssslinkacademyui,7941,fafd08f882c8f5480f20736cb5aec63e
ui/ssssmedalcollectionui,60814,47b6d729e0a4afcf9257553f89dd1a4a
ui/storehouseui,39415,572df0ae79f46c9853bbd74ac0e69eb3
ui/story_atlas,147837,5d64c28189a4bc2a5052397c9b665429
ui/summerfeastui,40760,3448fdbbbf1b62a3c5413a8ccaf1af10
ui/svorderpanel,36635,f6397e50c4afc2c0a077db85d5d9a3bb
ui/svscannerpanel,39386,9806929ea4bfb93bdda310a37724165d
ui/taskscene,13747,366f5ad32ec6416b729048caf79ee9d8
ui/technologytreeallbuffui,10145,a504fc51526eab265de07de650e38448
ui/technologytreesetattrui,14641,3b35cb63cfae9e803cdf2712c2c32592
ui/technologytreesinglebuffdetailui,12116,0978d9624e7117d4f4422e0b590b8aa9
ui/technologytreeui,22752,7f88879e5a67c35a3ce6b33572a13d88
ui/technologyui,40839,5e5e26ad146efa182b15bd6b8fdf41a7
ui/thirdanniversarysquareui,10949,baad152e576c79349c3feb41746a35bd
ui/tolovecollabbackhillui,996903,950ae42f43b97b77a033559c621edf45
ui/tolovecollabmedalpage,493258,b9e02c5a561b99b20baf018db00703bc
ui/tongxinspringui,7675,26db25c555877d06d6e105d2f8ae60e5
ui/townui,13650,d5230ebd48f0ab815aedb310f206aa80
ui/trainingcampui,25908,76da8bb38645469a5fe7081853ea536b
ui/trophygalleryui,454071,36eebd159dd5fab36cfae629d6d8e52b
ui/uscastle2023ui,6906,c5439a7326ebabc5accd7a3652803117
ui/voteentranceui,100153,8127357995852cdee91cbe9425506a71
ui/voteexchangeui,21189,5648da49a46832f89ababae07b36cde8
ui/votefamehallui,22713,8a7ce5e82cb6a741e25d8eed9c7ba05d
ui/votefamehalluiforcht,22717,64958114ba837a9a90ed59251788abbe
ui/votescheduleui,22604,8fae819ffad787c2b607e34a51d167f0
ui/voteui,18502,c31e7c8d5407db975c0df2d8e96b0e6c
ui/voteuiforfinal,18524,85d17523de893031c1aed91cc56de0ff
ui/voteuiforkid,18531,b497a02b98539f9cc31c7a0c1e449f40
ui/voteuiformeta,18550,26406eae35bc2b1953756ca5ec2ce594
ui/voteuiforresurrection,18531,ca1ae7b42c624d6aaa0c400f1ebcc991
ui/voteuiforsire,18527,00627603e268130b945b76b0f56d4529
ui/watermarkingui,4694,cb13de621ed4209b380ed453b93bed05
ui/webvoteui,14629,449c40aa334f42db46330b631404fa43
ui/willofdeathpage,15840,01f7942645e573256f8937c89250474c
ui/winconditiondisplaypanel,16690,110a9eacf6dc57b90fd4e14d7223dde9
ui/worldbossentranceui,11389,c22c14b80c8988b2e8dcd776ca5fcbfe
ui/worldbossinformationui,24882,d2642f6665e49fa973af4279657692bb
ui/worldcommanderformationui,16318,aec01ed29494a3f727f41a0e8989304a
ui/worlddailytaskui,20088,273e94425f537bf9e394e29e60db75bf
ui/worlddetailui,36784,4893e8ed76327b5cfcc69a0cff406c7b
ui/worldinventoryui,56806,4569c4509a5a29791c2c04581ae04d65
ui/worldmediacollectionalbumui,16031,8ffdf9b9425d99f83c987f4cde04ba92
ui/worldmediacollectionentranceui,8236,3fdeaeb21e5f1cf8351743b7dee75816
ui/worldmediacollectionfilegroupui,9517,682089e83bef2fd954f7d9311830fb65
ui/worldmediacollectionfileui,4006,62e1917b5883d4d261a264c0ee694ce2
ui/worldmediacollectionmemoryui,4392,b26bd76bc0f01de098f82f3cd9fc1bb1
ui/worldmediacollectionrecordui,4383,0156024d686df2d34fa63d2a3f8ab05f
ui/worldmediacollectionui,6619,cac7b7f93268730a2b6efbbada0f732e
ui/worldportui,85781,bd690a158eca6b4a00ce37d5b02efc60
ui/worldprecombatui,50349,56cd1bfae0f2949d2cb5d18652863000
ui/worldshopui,20031,81df0d4fcb3803ba7f7299a40dd5e4d8
ui/worldui,82996,2aae733427689b6216bfaa103567e7e1
ui/yangqiyujinzhiqi,271106,3420dafffc2ab792ab247c86813b58de
ui/youmiyastrongholdui,524495,001f33c0b2c8ca02373662d2ff6700c5
ui/zumaptshopui,13668,0bdd6cf6f675a31f42f0db589033aca1
universalrenderpipeline/hotupdate,91194,5f38bb5d7cee2a322a7e78df3bcfc259
updatebg/updatebg_3,760318,61392440325e361cd8f4efcedcd9527b
