activitybanner/temp5,66872,6b4d509c4a4e4281e725bb1c6902bc59
activitybanner/temp8,68563,a70371b14ecd01b59bea121b5831bbd5
activitybanner/temp9,73968,63a5f6a7e2a102a79cfdba415950ba3d
aircrafticon/vit2,5221,5fd886d234b8d946e39956bc29034a39
ardebugmenu,32257,6ec5f47926b91a0d7f8cc85f4a2b9191
artresource/effect/daofeng/mask02,25122,9cd71b6b1ff4f795c22df5129d697102
artresource/effect/fumilulu/al_plane01_1,5462,8c66cabbb559a91b470f375b4771031d
artresource/effect/heicanglong/cone01,10527,3141e16db500fed15f95dec3792e7494
artresource/effect/heiyan/cfx3_smokepuff mult,24474,3fea493e65e1dc8a36464a6c10ec0f99
artresource/effect/map_1270001/mask_136,37939,a46f9edcefe08f89fe5bd018945555e9
artresource/effect/map_1560001/blacksmoke01,9831,eeebdae175c7df30e3d1ccc171338224
artresource/effect/map_1560001/blacksmoke02,9812,e9f042e54696b76b57bb4196117a3c0c
artresource/effect/map_1560001/blacksmoke03,9830,46dfd0dec0968ce7547df9c91e5ff79c
artresource/effect/map_1560001/blacksmoke04,9873,d5208c462c26dd0a3e0559d7ef0aa87c
artresource/effect/map_1560001/smoothplane01,39171,011cc82753752e05d865d11f5cfd90a0
artresource/effect/tupo/jiexiantupo01,10800,90c6d66ce5f27a0710f189326fb64b2d
artresource/item/bulletall/bulletch_sp/mask_03,39082,66ae3b066286024c40a789da1a68a266
buildpainting/wuzang_building,1687024,88f7b34e9060feb0017db771d0a5b3aa
buildpainting/yuanchou_building,1812865,697d84d4163dcdd91158a31539b3445d
buildpainting/yuekechengii_building,1522398,c5f3f95becf20bfe9c8b62a30fd5336c
buildpainting/yunxian_building,2510384,c40bd16d958404b590b0e4798eac868f
char/kashan,369279,73d71e144d450ec5442745d2711df87e
char/kashan_2,354550,650fedcd925c4c4ebde6bddb00748819
char/qisheng,348324,d08d9e76c8856c93f9fcac767d01005b
char/qisheng_2,281060,017e83254348a1a78ade1b320f5bfa50
chargo/vit2,17606,160bee45f8d0aa5d39cfd3ada4818b69
custom_builtin,4340584,ccd8bf8741a4b262d90a02e3fc8caeee
dependencies,4422394,29872ec47ceaaa2a8dfbffea552557aa
equips/85560,8814,8a41f0e099fe42b6678b5a2f0c80a038
extra/outline_material,21618,fca9abbe120b6ad6897f5926f699bb70
guildpainting/guild_event_boss_2,255111,8f0d2be60a0e2369743a630420734c26
guildpainting/guild_event_boss_3,488015,104643cdb11b6eaade40ed09ca84af33
guildpainting/guild_event_boss_4,469144,2a4c25d60e441ce57c8a9d81be6cb2b3
guildpainting/guild_office_blue,354060,6a0b52a383f6cf70cb54197dd08b4959
guildpainting/guild_office_red,706999,b5fd237073cca3aacefc66822b2a583a
helpbg/handbook_tutorial_p19-1,243355,ab38a55b22e1bc5ef89f15eb12b6ba32
helpbg/handbook_tutorial_p8-1,255451,a48d8bc462a5e62637f9f01beb428e95
helpbg/handbook_tutorial_p8-2,265466,686f5331c654d4a0545e6d5416d4a196
helpbg/handbook_tutorial_p9-1,250304,cf692a954f400af40a49e8ef793c666f
item/bullet_nengliangqiu,53060,a68fe8b129b1a7704a4ce4b8594aa192
item/yulei_aoliege,76373,2d3ab6aacb53ea4acc7ca12022034068
l2dshader,19698,644882cd7331fa01fefd4fd8330000ba
loadingbg/login,2009291,7eec9279fc51f1f234013c78dbf2673c
metapainting/970108,7105,a28d7ac01364ac7ae2703bac3e4b54ef
metapainting/970201,1017938,456b24fcb214a118681228defc30063b
metapainting/970205,1430699,ce744ae796cd7a2e2edb48aa716efeb8
metapainting/970206,6886,96f7edc426db6af7ed763e5c3c6d6245
metapainting/970302,1608602,5563ff869d9d7d6b0e03c60f7e553e48
metapainting/970304,1784192,968c595cd53e8f8ca8ecb29101dd6c84
metapainting/970401,1078128,13de5747de53d285ab4398db56f64471
metapainting/970402,1235155,84355deca843135a8fde0af0663aaacc
metapainting/970403,852355,7dfca3dd46c327412015f620b48a1ebd
metapainting/970404,1114060,9f4ec606a85294f261ed5aef1d4bece6
metapainting/970503,919061,4f1bb2497e03c49ae083549dc155f09c
metapainting/970504,1403965,0e0fbecdb40670ec8199e5679dcda3a5
metapainting/970505,1517291,90c9f6f980507749956fccc6012e804a
metapainting/970506,6822,6231975e3ed33478227712cde08bec29
metapainting/970701,1231538,3fa48beca975d76a7917107d54cf94d1
metapainting/970702,1066053,9fed3e01cdef20b1ff21a4e1714ef077
metapainting/970703,1529152,9a6baaddb91c75749933fa819157291c
metapainting/970705,6827,48cc6459375da8b787c121afa0925b35
metapainting/970706,6846,b70c7e2f193758cdc23f0b130798f816
model/worldmap3d,442023,b4887c5da9c426e70d3f5b6805d8a5b2
model/worldmapmodel,10993849,e8897429231fede0c0c32d594492b1cb
painting_filte/painting_filte_list_change,20229,83e4e7ff4f30b84e1775af827d64b223
painting_filte/painting_filte_list_const,5915,92aed7667180027674fd5ac55f40a593
scenes/worldmap3d,469864,7afd8f672b86dae251b86750547175b3
scenes/worldoverview,62348,2430b9e3a0275a9ac2dcfbd7a67d0017
scripts32,34150052,c77150b3c1be7d59509a89f2ddccee01
scripts64,34163005,88ef39497caf6e706aacfe6ac019f72e
sfurniture/chuanxc2t,179919,accd1a942afe454d333c83077b41ea8c
sfurniture/huahuajiuxc2,34152,9c5f723474569976d2f627593e9840fc
sfurniture/tuichexc2,27282,958562c9938143871ab9e62769e226f1
sfurniture/xiangziduixc2,30795,4cbb69b98c874524d88239e8fe68a5aa
sfurniture/yujinxiang2xc2,24107,5f5a10a94e7b3a920335ab2a09eebec3
shader,280733,56f83bf6a4ad7b316150910e34e90d1a
sharecfgdata/gametip,1074601,dc25e9d44996d08a7cbbed824d0af716
sharecfgdata/item_data_statistics,1660888,9d1a9e1f28d2e19fd8cf3ffa4474742c
sharecfgdata/ship_data_statistics,3895752,b79863e1e1508fca0778e7f6822e573a
sharecfgdata/shop_template,1184992,c760a615042cd612d2ce409190ccdcef
sharecfgdata/task_data_template,4057180,631259b10559cbd9733f6a7cd322d3fb
shoppainting/aila_pt,433724,52d886c2259decbe98d35abc52abfe1b
shoppainting/banerwei_pt,580807,dabdea2398f1b61d9ab84c26cebf5e71
shoppainting/banjiu_pt,312122,fcf2e143a0cd06233e41baed059f2502
shoppainting/buzhihuo_shop,284897,dff46acc9b8cce553afd00e4d7db391e
shoppainting/chuyue_pt,651167,a91e8fd52c2665dc0bd501ec585bd4ea
shoppainting/dadan_pt,7358,176733503ea52678b4c43a249e642965
shoppainting/dahuangfengii_pt,4004,6bea8f58cabe312ee5bc193aba64b643
shoppainting/hailunna_meta_pt,480106,36093ee823ce57474512dee9c7654d9d
shoppainting/huangjiaxiangshu_pt,542811,0d1f8bf000eeb2839081ccc55e534e48
shoppainting/jinluhao_pt,358177,b43b0efb1f407151bcd027aaa914d7a8
shoppainting/kashan_pt,3992,4454be4b4c300b43565bbfabb7287cb7
shoppainting/keluodiya_pt,565605,f6146b608fc3a39e312b4b8832e6db4e
shoppainting/mengfeisi_meta_pt,594558,b77d9f767af1a1db184231dec4048d83
shoppainting/mengfeisi_pt,767503,1dc930aa1b72cf35919f058c3e63e764
shoppainting/mengmeng_pt,4046,9c28a097c963e79ff72f54704a2668b7
shoppainting/saidelici_pt,604192,87166cd1d9f08370c1ba85e27bac2f0c
shoppainting/u556_alter_pt,482293,47a8a1d92db879c5ec5edd992c800164
shoppainting/zaoshen_meta_pt,466834,eb97afb311f7cd0918c1ff5e37cd5977
shoppainting/zhumo_pt,610727,76f86162e432ec57a1e5eb65501ad2ab
spinepainting/aerbien_4_res,13486889,b087fc120ca3a39c7eb894f1acc2551a
spinepainting/aisaikesi_7,5916,10f32a8e9994ce8a35d9cd6d2f51ce52
spinepainting/banerwei_2,5827,2988d1026159d8a14077539ff4185c4f
spinepainting/bisimaiz,6242,e46ece972741bbb791a0cc8f004f65ee
spinepainting/gaoxiong_6,119919,5a9b350452ce17abc32c55d6e1398598
spinepainting/haerbin_3,34322,01e9e61e6b7e0e22dc65cc88cf06d13c
spinepainting/huanchang_2,41401,562852e57df805fbe69c37bee2d14446
spinepainting/huben_2,63620,b28b86f052399a560d4fbc8e671d9aa0
spinepainting/kaiersheng_2,5814,fef13b86503c263ed3db3ff0909b0a70
spinepainting/kashan_2_res,4586892,9394017df3142455ac5805be63fe510a
spinepainting/lundun_3,5834,8ccb7d19d0c7b78e32b10845410b1df0
spinepainting/luyisiweier_2,5895,d6b7c3cf85638778387dacc553d88a54
spinepainting/masaiqu_2,5756,f79d33394ccdfe218eb908522476b2c6
spinepainting/nengdai_9,34531,cd2e2dd39c3a3ef485943027d6c47aaf
spinepainting/ougen_7,35996,eb59bef88d7e169bc1f536b9efb78405
spineshader,89507,386e3adb07e6df12cf5fa32d451985f6
three3dquaitysettings/defaultsettings,2047,399274c04d0c42df87c7fdce6d961218
ui/3dd_select_atlas,524365,b47797475b3a3b898b3d51b8d5793ae8
ui/activitybonuswindow,16755,012b85c3a9bc75941cf69d304887ab82
ui/activitybonuswindow_btnvariant,17110,e868d0bf7c0732f80816134b911464c3
ui/activitybonuswindow_nonpt,20435,d3c2f4b4a185d9975d92122f583aebe3
ui/activitybossaisaikesiui,18509,51a8c2cd0f0374a8dcef035859a3b85f
ui/activitybossalbionui,148465,a2a78e2223d59a77add1cbac36b00aec
ui/activitybossbristolui,67453,cd71c73f7f55c94b15baf358fc7dfd24
ui/activitybossbuffselectui,14267,7e6c201e873f4eff6218a60ee107252a
ui/activitybossgoriziaui,187876,f196d7e1e9514eaac5743f0c6558b25a
ui/activitybosshuanchangbuffselectui,14031,185bea114a27414cab13b734eed0ef5a
ui/activitybosshuanchangui,360087,b9f253d1bcc05b1ba3871cd3a37c79eb
ui/activitybossjianwubuffselectui,14006,8b244c03c8427363c2301640eeebdd82
ui/activitybossjianwuui,25354,be780a7c9485b83415c3ac1b9302078a
ui/activitybossjoffreui,153322,613dde1ed5ea2e44f2cbce31a28ba98d
ui/activitybosskuybyshevui,452653,5a603fe0e5f3bdbcb04b6486c7e510f4
ui/activitybossprecombatui,37362,b182a749330d264bb4fcb43ce78fb1a2
ui/activitybossspfui,16928,0d888609b1a371d00162ba97b3dd9f6b
ui/activitybossui,26463,ea1e1e6d7a403a5b2aa18c246db07871
ui/activitymainui,14328,52008f40a50bdde21d7d7f4d993d7cef
ui/activityshopnewtpl,14604,7451c5132fe088a05dbfa980542eb3b0
ui/admiralui,37215,21a1251ba7b4e3833588bfc98324415e
ui/airforceofdragonemperyui,41406,a408f708190e555a149d92fcb864345c
ui/airiloginpanelview,8602,726bb9aba4471187cbe8cd5c8ae4a2cf
ui/airiusloginpanelview,18520,cc4851492493bd8027409b565d2d60d8
ui/akibastreetui,11149,996fc4121c0433ab65e65ff15303a9a1
ui/alyateliercompositepage,784187,edf653b0f5447a160a142830f1b286f8
ui/alyawardpage,1960660,262f71d8ceb2e6425323d2d9b1fc70f1
ui/alycoreactivityui,808071,d95455e259e2bbdcfd8719039529902b
ui/alymainpage,13473,d35da80e78c9891e67192a35d9917e03
ui/alyptpage,1429143,0eeba75a068f4e8f1634c481c1f046c6
ui/amusementparkshoppage,26792,52fff55b46279d342c752cac5852cd9a
ui/amusementparkui,10898,c354d9304f0b99927188c6980ec71d06
ui/amusementparkui2,10096,fe474ae8cf1a3f4cec93ba9403161052
ui/anniversaryisland2023ui,11869,c763f3c462b9345e704750e5dfd8121c
ui/anniversaryislandcomposite2023ui,23567,948f9d70b6cb71e20c784579781321a7
ui/anniversaryislandhotspringui,64429,82154cbbb80fc2f268f2ea955599b0f4
ui/anniversaryislandspringtask2023ui,16740,00c34c4c2da1b188b5ad4dd113ea74e2
ui/archivesworldbosslistui,22592,6e7a598cdd8a55571b25e91697c6a935
ui/atelierbuffui,100172,e8514db0f5414752e9eef7e7d9916fc4
ui/ateliercompositeui,103360,04f45a135f30fb3f5d65f608360992c4
ui/atelierstoreyumiaui,17769,33c2b40f557c92f13e817f668c6ce658
ui/aterialyumiacorebufflayer,65884,deb7fa1afc503ae62f5aba087e835a93
ui/attireachievementui,15775,a47a163e99de7132d71af1efe2490e20
ui/attirechatframeui,14715,e42103b1883dd867301aa641cc223b44
ui/attirecombatuiui,19095,1a1e1079c9c88a89d17d16231903d828
ui/attireiconframeui,15087,dd0e70b52a4cff6f3220ba96128ca033
ui/attireui,12570,781314c4be196718bfee99c9f979aab8
ui/backchargeui,38309,f001a795cfaf52b53e401f9b923a6816
ui/backhillcampusfestivalui,913096,02c6bb030c2a638c9b752e7b610e8b76
ui/backhillfifthanniversaryui,983143,ed1031a3eab710f901559cffec5d66d5
ui/backhillsummerparkui,7167,a182050107fb49297445c77422fff8fe
ui/backyarddecorationui,31597,4b9c97afa98d9b588cd81c44afd1b2fd
ui/backyardfurniturepage,16996,69fdb9271933ff0ab3e9a9697aa3cd8f
ui/backyardputlistpage,10816,a24a05cb4649faadf0b053e0e25b8c60
ui/backyardthemepage,16746,0b034cbdc31d36e75e547bb36d502fb8
ui/backyardthemetemplatedescpage,8717,c8827f180f070abf067a96488f46e90e
ui/backyardthemetemplatethemepage,20942,d4bac8b8a1322683766f5b9c16285f55
ui/backyardui,59219,3195d0dbd6485b6f728df13c8e3b6653
ui/battleresultbossrushalvitexui,11403,1c4c3ace450412d4d2161feb9fcd0bff
ui/battleresultbossrushexui,11443,82850ac20ce2df1ea926bb9a6094fba6
ui/billboardui,28259,9217b4014f91bce5fb71c89d9529cc49
ui/blackfridaysalesui,814021,e63cc334ac7edf65ef41ba634089246a
ui/bossrushkurskui,62153,fc942439cb928d214c59af6ce701c20c
ui/bossrushprecombatui,38828,db8ac684e8bc59f64cfc12c547b99a8f
ui/bossrushverzenkerui,2194300,689e0c0693f12aada0629d36904d0198
ui/bosssingleprecombatui,35380,0de57572efd1cccdb47aa0eb06b5937b
ui/brscoreactivityui,402256,bca13055e45b9e9392d5fd415a625bd4
ui/buildshipui,16048,466b1f104d254f3f4077dfc68391faef
ui/catterysettlementpage,13153,11c309a74081a467c02b5852e8b94697
ui/challengemainui,329154,bd18303a05cd6fd98ef8814018d45235
ui/chapterprecombatui,42708,3bac8693a9571badf39197673b0b7c33
ui/chapterrewardpanel,15169,fb19e3c9656dd3f5e8f19d6686514c89
ui/chargegiftshopui,45763,746659b559b20e2e781055a5f1f8b5ef
ui/chargeitemshopui,10022,7c2988f912381151e18101d583734c4b
ui/chargemenuui,15458,47978422dacf400cb18126e69b684e16
ui/chargepickshopui,46137,094936780176aeaca3a5f90c9ed646e1
ui/chargeshopui,51299,acef5333c0cb4d9d3f2bfe22060b7025
ui/chargetecshipgiftselllayer,160238,9b7446413fa178fec2b293cda8426447
ui/chargeui,119062,948c089d4b83d9ae3406e97630afb078
ui/classui,14926,e1565ff99d1fe591d6798cdfbf521051
ui/cluemapui,6647979,f68e195c87d49a562cbc05a8553b0f3a
ui/collectionui,52949,67db725459d1d178a81a32f130b66971
ui/coloringanshanui,20756,7f356832fdd5973a112d43f80d49d3ba
ui/coloringillustriousui,20762,658e0fb65bccf22cf39ee0333d8799ee
ui/coloringjupiterui,21154,9a2fb1ac270ec989eb472bf80ca0b996
ui/coloringmingui,20717,1cd13b89e9b16a846b8d53edaa63c47f
ui/coloringui,18127,29a989ebf1d3294c9cb517246fef6aad
ui/combatpreviewui,6807,351527760dcd3a231330dfc573b1b96d
ui/commandercatui,11492,c4638722a386675e4bf8741f7e53daf2
ui/commanderformationui,24199,0a96e7d76035fd2ad50aa6e3d145ec66
ui/commandermanualui,1218366,624b51557f81f39e0af837da437d10f4
ui/commissioninfoui,43471,b6c73d70b10d18273a70119e7f4bae06
ui/commissioninfoui4mellow,45443,b62c231a566fdda6ad34e69a80edb425
ui/compensateui,27161,accc320fe33134ea28f890fc5257fbbe
ui/courtyardfeaststoreymodule,25864,438e2278c41a4c63c68e687030700d0c
ui/courtyardstoreymodule,25810,df917045c84c0176c805e78955f23464
ui/courtyardstoreypreviewmodule,25699,2782aef9ca8d9e51951638ad640a8355
ui/courtyardui,22235,a3b45c40356c68d776c06b145dfc20d5
ui/courtyardui_atlas,149199,7d59b8fc368a6c54a9bdf982d8a8f9da
ui/cowboytownbackhillui,1271313,8d2445a612a10dc2e246fafa925331ec
ui/cryptolaliaui,394933,24a820f737a61bbc06ac63e008960a6e
ui/dailylevelui,54985,14c5d6b8bcb9571f76ce4ef4321eb6f7
ui/doalinkislandui,10264,d2809c23afd92d91ca50307b75cee275
ui/dockyardui,52110,cec2cbb7e0b620516122c0988dddbef0
ui/dorm3dfurnitureslideextraui,8398,6db93ef8c32f47d8a1e0cc1e2c1b5891
ui/dorm3dinvitewindow,128589,64a494743fdf401af7bd0342ebc5ea63
ui/dorm3dmainui,1366066,b4e8ec6e245ad2a3b5a14ff2c6effcd8
ui/dorm3dsettingui,14217,efc4554207a3a9c377ede3bd597beb8d
ui/dreamlandfullpreviewui,39302,bb77150c1254f60b4dc81f5540be83ab
ui/dreamlandui,17462,a9d25d0f760e45adb4ca22a566f3ec36
ui/educatearchivepanel,26655,c34a05245fa3f24c8c0d7718a4dd98f8
ui/educatechardockui,199767,669c67ac1be95cf9ccd41ea5a7b6e2d8
ui/educatecharprofileui,203719,3c13666d766869f3f47ec789b0f25374
ui/educatefavorpanel,15376,042f9c79f52a7df06e872fbceab338a2
ui/educatemapui,14200,f0557d07a88227ce28d34ad2b5fa0b5a
ui/educaterespanel,8080,01bbc1924d6fc08117222f582d714149
ui/educatescheduleui,49626,62910b1422aabe2e3b598d2457c16bac
ui/educatesitedetailui,19287,ef06a9582a6a5928d92e976b1e3c4782
ui/educateui,190168,614cd4d89fdc47cb112a488d1cb036e9
ui/equipcodeui,77778,a18aab17eb8d8938cf122ed7bd247c9c
ui/equipmentdesignui,28643,eafa01772e127e9f801504cea5a90a88
ui/equipmenttracebackui,21680,43477c3b8dcdd259cf908bc815594c6b
ui/equipmenttransformtreeui,18134,0e4a4d379855705255133be32a59271c
ui/equipmenttransformui,25460,e4017c6a7cefa062cd7c3664c6493d9b
ui/eventui,50707,287c1f9328377f78b3c2ab8b4117e269
ui/exerciseformationui,27405,a6b0fa19867631c8b72581547ce83e4e
ui/formationui,57848,40821b4758a69d4cd21a7b61da204ec3
ui/friendui,14182,f4b95221c54d5a955abb99420e7da336
ui/galleryviewui,3952,2fa68d9ad3e915af46ca5afc3d896ed3
ui/gamehallui,55278,77b06f4d63f75900f66a076603802394
ui/gameroomcookui,1819863,181edd2db87aa7d236740ae6dd5f4d3e
ui/gameroomfushun3ui,82869,13d124024243ae2cf464d458d6afb10f
ui/gameroommusicui,383551,3cd2bfed184414195c1bf1fe6a510d84
ui/gameroomqteui,21798,72c093ec129d8a6fdba739c78848e7ca
ui/gameroomshootingui,48344,4a550c6439029fcf06c42aef43cf869a
ui/gameroomsnackui,41345,8bb8deb36de5d43573a3b775bb5c39d1
ui/guide_atlas,66010,0280c576ae33b08d8b550ad62c5c8b93
ui/guildbossformationpage,16728,19dd0421822ab15c7d29097b040f7488
ui/guildemptyui,4038,c4d8c08b40365ffce263b3689ac39c0b
ui/guildeventformationui,8300,262474906464579d7ab3f56c51f7e326
ui/guildeventinfopage,12469,1c9294274ecaaac36848140a9778936a
ui/guildeventpage,12713,576509ec0ce8f864c1551cb00ff782f9
ui/guildmainui,219762,55b16b5cd9951bf189d14830a0ee2725
ui/guildmemberui,9220,303ed90b8b876dc9668d5012f2a835e1
ui/guildmissionbosspage,10829,ca5fd3d5c826837bfa1236c21069452c
ui/guildmissionformationpage,17333,597fe7675e78136d89fc7d021a2bba8b
ui/guildmissioninfopage,14440,dd6c4c526aa130144106c66709547150
ui/guildshowassultshippage,12133,5cf828037ea74df5443c7bf3c6f71718
ui/guildthemeblueui,25332,fdc7d7b88d9d0b611078f7243864f9cb
ui/guildthemeblueui4mellow,25376,3278f6740a71e51da5450e63a311f5a9
ui/guildthemeredui,25337,3b877e6ab5729c30052c7e28f3f8e653
ui/guildthemeredui4mellow,25345,9b25694d783ed20121e8d202df51dd0c
ui/harborbackhillui,6700,f9571d12788d94dd8b91c103e6cbcb65
ui/heiyanawardpage,630150,378cdb095e42d038439e74ce36a04b26
ui/heiyanptpage,256039,e82f2c1dbca32a628da1e21459a2861c
ui/holidayvillahotspringui,60669,1fb8fa8e454f82ebd79199c4b0418158
ui/holidayvillamapui,36092115,ae00f176cee85d671186b013a4a7d343
ui/hololivemedalcollectionui,12666,5e050255657613aac2eb84312e524c40
ui/hololivemedalcollectionui_atlas,171122,d1460600fa8ff7094af5424468888532
ui/idolmastermedalcollectionui,9453,55e674265058b10fb71367992515b655
ui/idolmedalcollectionui,12357,28efd8463afbf3fe0c897ead6ea0a7f9
ui/idolmedalcollectionui2,18759,d975ab1b343b80f9bf0c16f867df41f8
ui/idolmedalcollectionui3,19049,09b33c638b13116cf5c87f2a4488d44d
ui/joinguildui,18582,048e30e6cfebaba338cd7dc9ade72d02
ui/kindergartenui,85984,24dfe3a4adc50ae9f367fa804249f02f
ui/latestskinshopui,59974,3971b60d1a9d544debfe2c56267fbd45
ui/levelmainscene,134534,5fbbafd0b78170f51d1deee413d814bf
ui/levelselectatelieryumia,51639,c1606f456dd98cd203c3a7a3ac1284bc
ui/levelselectexspui,81580,b8eadfcfa2acc9328f890aa93d98802b
ui/levelselectspfullui,44775,3dfc1e5379cebfbac952e9973e88e5b0
ui/levelselectspseriesfullui,35588,9bded76639def7fd30c1f8bcf136764e
ui/levelselectspseriesui,25241,e0446d99552c0d04d4dbca00d6f396c6
ui/levelselectspui,30814,e4aaf3e643e01fd483056bb0819e9adb
ui/limitchallengeprecombatui,37106,61b91fc8d6ced15f6f2068de2e9efe3e
ui/limitchallengeui,18715,767a588cc876fb87ff1b4b9b7819eff0
ui/linerbackhillui,112850,b114e263368735e025ad6a5c8ce6b4c3
ui/loginui2,28256,a209ec29d16327cd0fab590dc82a15c6
ui/mailui,51185,75856086532e0933b649a1136a6d0510
ui/maincalibrationui,7940,6976e256765f954ea91b578ef7cc7ed4
ui/mainsilentviewui,18299,e57b11c65e1db3597567b3a08276705f
ui/mainuichat,5409,031c89bc4be1fcaf126b346f87dd9099
ui/mainuichat4mellow,11213,551f898c530e7f431aefcd6ffd93ec28
ui/map_1910003,156612,c2e1ef041e49fc553f4a5f9d86c40c6a
ui/medalalbumdivinelightpage,943441,37548a89b06b24ab764be0f2aeac9cd2
ui/medalalbumspringfashionfestapage,1749346,f9e22d175d6af6fd9154b528c67de595
ui/medalalbumstarlightpage,1088278,18f2d29a8d6143900f2bd678d3e5d39e
ui/medalalbumvalleymessagepage,628558,671d9347a4386293875808e81d6023e2
ui/metacharacterrepairui,210402,988fac4779ff1b2f690d6ee34047c678
ui/metacharacterui,32011,15f8f330309971118a9d6379f385b516
ui/metaptawardpreviewui,12441,bb3278b6f9d48b74acdcf8e19ee2b748
ui/militaryexerciseui,52848,cc10bb24896944037e7b11bdf4c19a8f
ui/minigameui/match3_atlas,1330401,07ed961fd86d6053b796cd59de42f49c
ui/minigameui/ryzaminigameui_atlas,9450760,f7adbd9692e8665affc0c9b1695a4cc6
ui/monopolycar2024ui,75859,7065aa416b5b90268d742e5e3c40a6f6
ui/musicfestivalui,14376,0854e561c88f2ae42c7219340e0b7b24
ui/musicfestivalui2,11222,2eb03f55667fa75ecbc9987374456710
ui/musicfestivalui3,7254,50ab375395c8ea4b085f2a6c2d76cbd5
ui/navalacademyautumnui,380270,541b21d7f47b7795164b5701f17901b6
ui/navalacademychristmasui,402978,a528966be75f96360a9fc3234cb87c9a
ui/navalacademynewyearui,387660,a3e11e2660ec194e673cba9d20764639
ui/navalacademyspringfesui,388720,988002181913ec4b2007d7fadff0ba5f
ui/navalacademyspringui,410644,8d8634678ea61a5bfb31341c7680daf2
ui/navalacademysummerui,410161,697b7901d8d198c22e7b8f9168907c49
ui/navalacademyui,18498,3956b50339e74c97579585861010b524
ui/navalacademywinterui,19812,368b2118ce4ff869e40fbb6d90298a9b
ui/navaltacticsui,44639,e03764aa7b08b8d7d099d08d0432057c
ui/newbackyardshopui,16758,0b0d47b892e2125bed62b8e555f7adc0
ui/newbackyardtemplateui,11374,6cd50d36f84384603e847fc91030079c
ui/neweducatefavorpanel,64048,89af26d19bcff0c68b406f9d7362ef63
ui/neweducateinfopanel,24339,876d3a9fa9297e5e2d36e9ec0e56bd8f
ui/neweducatemainui,179508,6239255de609cb7b469449235e038464
ui/neweducatenodeui,36693,87be52646bc4fa5db74cf351d010e819
ui/neweducatepersonalitytippanel,58302,3a22138a8375801631067365a36b7006
ui/neweducatescheduleui,33407,645fd3fbf1079d37bdb294018de921d7
ui/neweducatesitedetailpanel,20364,5ca34690ae00ab0d0a172686e8daaef2
ui/neweducatetoppanel,16791,306630fcc496628ef4e81af3011b5623
ui/newguildui,9715,4cfc05f2c1f1cdb85a7bda78e7decc9a
ui/newmainclassictheme,35556,fd3168fa6c73ecb5984ee584a0719ad5
ui/newmainmellowtheme,591266,10e907bd3ed34634fa58a578d07a5258
ui/newnavaltacticsui,8316,7368b17155ea368360e1cb431e29802c
ui/newplayerui,28906,1d9cccdb9038a656566fdf3ff86e8dad
ui/newrecommendationshopui,33961,a2d7f1b41d1de95d7d6a0675334ef8ee
ui/newservercarnivalui,13167,1b7c5ad228371caed5a6c4f7617be045
ui/newsettingsui,14086,8bcfd68f43a564555fcc4bc24187076a
ui/newshipui,26805,e292fa212fb5c703a25d3ba9354dd9a5
ui/newshopsui,27456,8436548c0bb0709e7408d21418a13281
ui/newshopui,67277,342cdf6c52b52edfc8afffeac4d0a6ee
ui/newskinatlasui,27262,f20ca97f3f5be1027ba7ec7bc3636c94
ui/newskinshopui,36434,a201b5ee43d1dd2fe5114e4766c857a8
ui/newskinshowui,25314,20c3957a95249ea59fdc41138194a1a1
ui/newstoryui,28543,2519b87b47acb0fbdea2528bb8b9e933
ui/newyearfestival2022ui,10856,be57aa1b3f3ae4d2d7d48046a06493a9
ui/newyearfestival2023ui,48600,a012cad0547c9d6d5b60cf227b7f4bad
ui/newyearfestival2024ui,38550,e0db4063756a9f729aaec309fbc8de47
ui/newyearfestivalui,12088,5f311697d99a5541df0db6bcf4a78cb1
ui/newyearfestivalui2,7663,c9119d491a83810cd79de5bdcdaa4259
ui/newyearhotspringshopui,13206,a5ca8acf4a47dbfcbcbbe2becfd81bd2
ui/newyearhotspringui,59829,97fbafa2dbd17d22c6bf4b2fc08a1e3c
ui/notificationui,52240,7ff04d82c4d74ed79a49796df08c6942
ui/notificationui4mellow,53194,312bb8d5c7509b4b438e0ed2f5f6856b
ui/otherworldbackhillui,8384,e2289ac433be76bad69f87209f7d62bc
ui/otherworldmapui,27280,ecfd5454d8b54458151f4a64226a0f6f
ui/otherworldtempleui,36730,25e3151675ad49e1d15a8195c977365c
ui/playersecondsummaryui,40836,00303fec72620bb679838594fa168e26
ui/playersummaryui,737694,de1785330db3b2f45c89127244c4e572
ui/playervitaeui,11109,33137a47da67322274f63bed46ea4e71
ui/precombatui,34385,1511a2cb4ff0677148cf6e32e66f0353
ui/proposeui,19764,d136f37d1493dbc611febbec37c0020a
ui/publicguildmainui,13307,7ab74852b59d980b928a39a45fdfe3b2
ui/randomdockyardui,18743,f9c77fb1cb86bd4c34a226b02ebf4193
ui/redpacket2023ui,8860,62d4e372933977c6af90a9486594ff8f
ui/redpacketui,8751,3a87c358222729390f4b0062770695ac
ui/refluxui,10154,d592e647a3299a53398c88e8aa695d20
ui/respanel,8635,68172c7c4aa499a45e46fd294ee45144
ui/rivalinfoui,11860,bf6805389736359ac88897a47d7660ab
ui/ryzaateliercompositerepage,5946,5f5494878835695fdb0f1eede3d83792
ui/ryzacoreactivityui,10451,0cdd7acea48c3304861fa9bb138ee6c7
ui/ryzaurbanareaui,123151,b2dd62828f982cdc0e64928e3e0eb148
ui/secretsabysscoreactivityui,863343,1ba56c2719aceccfc05dae34eb4921cb
ui/secretsabyssmainpage,2360604,d0c8f5b905db6dd8cc8dfeafaad2959a
ui/selectdorm3dui,2034435,8a95680bcc0779dd1de1aa64d9be8fd2
ui/selectskinui,23643,7c41b1da304a6efad076f82b1d8e3d73
ui/selecttechnologyui,12176,083d69aa563871ee5372c9128a6e9375
ui/senrankagurabackhillui,8181,1d260e8d52f6b5860200f7dba9cf40d8
ui/senrankaguramedalui,28778,1b96ce6da88f567760c7c8292772cb93
ui/senrankaguratrainui,33716,64791a87629da68e9de9779cda0ffc80
ui/settings_atlas,316285,994ee4ef250653f589fa1d9a35f7b835
ui/settingsresupdate,13676,f1046fd06862cb0b00747d8f91e630a1
ui/shipblueprintui,345819,b2c721c7ee7eca8e00bc4298cdb5dd7f
ui/shipmainscene,21463,eec21c7d021661caa5900a9f216a0705
ui/shipprofileui,29237,63f3d4e61b87944a2d693736e5a3ed28
ui/shipremouldui,27705,2e6deefb6407ebb4fdad2e642ac149b7
ui/shiprotateui,7387,eeec5e819660e22e0d163b59f4321939
ui/shopsui,53735,431006adf759844b218326b63a24a9e2
ui/shopsupplyshopui,11947,db0a2f3dbbb4c06367f4b29c2a850bf2
ui/shoptip_atlas,14813,685e9f8062559ed19da0b2103c5aa3fc
ui/sixthanniversaryjpdarkui,44041,cda99e91a1255236e5703b9ea75de63a
ui/sixthanniversaryjphotspringui,60300,a8baef16bf38293da2c234bc316a674c
ui/sixthanniversaryjpui,6963,1c585055d0b69575b08d4b580a2b59bb
ui/skinatlasui,23241,b9f3f5cdf1cc6a8ebcf79246db6731e8
ui/skinshopui,31107,2cf69f028be830d5c2632f9feb825208
ui/snapshot,38423,64615de1edd013fbc3aebd726267edca
ui/snapshotselectchar,16833,1f072c4100b8a15d1b40b1fd29f97a5b
ui/springfestival2023ui,8474,4b912fa67b11272c37dfc785fcc145aa
ui/springfestival2024twui,8625,80fe00d147a1e0590978c15901bb93ea
ui/springfestival2024ui,8564,5057d4b19417f00b18738ccd9dfb607b
ui/springfestivalbackhill2022ui,7719,84a091cd1e4ead4c60ee4d1570b4da92
ui/spweapondesignui,17109,f0aeef1659693839bf1b3b965ff0ea6d
ui/spweaponstorehouseui,24352,e9047de0a8d3f55b0808f0d3e2a80f95
ui/sssslinkacademyui,7964,f7be7fdaa93f9c39d69c2d1f4df2598c
ui/ssssmedalcollectionui,60842,5c980eb7b2efca573fd06146126a867a
ui/storehouseui,39449,11e075264d8295d98d3e08d607a1290a
ui/story_atlas,147829,37d1b67482828aa03d7383cf7b11603b
ui/summerfeastui,40785,1f4663124bb1da4f268bdf243359995e
ui/svorderpanel,36653,67abb43403805a29dfd20a47e58e8ad1
ui/svscannerpanel,39403,1b5a5b6bdefb32fe899d22d3188fe710
ui/taskscene,13770,cadaed1835513f92f0f6a0450063c24f
ui/technologytreeallbuffui,10163,d073782d284d7e4457be9c3457b872ab
ui/technologytreesetattrui,14658,4cc2b392f282247644e01d42cf55e9db
ui/technologytreesinglebuffdetailui,12133,919f864e7d2078dc34a8c24dba03c965
ui/technologytreeui,22766,088a526b5eb92576ec5e4547b7e9bbd9
ui/technologyui,40860,7b4e801e4cbd496b726cfd3baa009d9a
ui/thirdanniversarysquareui,10970,2239e1fb89bc20961d8f0a79e869e9df
ui/tolovecollabbackhillui,996924,b770a055ac3d0b0fcc3f09d58cd065d8
ui/tolovecollabmedalpage,493298,529dc11afea9910f761891ab932cd0d1
ui/tongxinspringui,7692,eaa391c315b0c4467c8b0fa66df94eeb
ui/townui,13667,b5c6945f9e11c23aa274c623da079695
ui/trainingcampui,25925,fd1912b188bc56bd111a1fcde6689913
ui/trophygalleryui,454369,b78d319f6e344aced61a972009868afb
ui/uscastle2023ui,6931,405a69e337554c629e6bb142909dd8f4
ui/voteentranceui,100175,5df643f91cf865cbcc7605b8f908b11c
ui/voteexchangeui,21204,67f63d0c7183042ce3d5710806130548
ui/votefamehallui,22728,7d2ea159ca0a5a38aa5cbd1aa145ee8c
ui/votefamehalluiforcht,22732,750412ab6fd7597db0954b844b4759e8
ui/votescheduleui,22621,137848aaea4876f5d4d27e9a63a908b3
ui/voteui,18526,c9c41a68a41fdc36ac9aca29f3f4514a
ui/voteuiforfinal,18548,ef79591c667de5b7f4994a39e8ca37b5
ui/voteuiforkid,18547,dd8312932a254e2e881a1a98bc6bf592
ui/voteuiformeta,18568,81cd42ca1d6730e38609418d4b3f6aaf
ui/voteuiforresurrection,18550,9ca80b7138a26403ce802b4c7bcbcf47
ui/voteuiforsire,18546,3b89df1e71100546086724d9e19b1348
ui/webvoteui,14652,58e5cd8cb3a99eed95795b70124fe66f
ui/willofdeathpage,15854,b8a0d3db3c285ba719a18d0b9b7afb39
ui/winconditiondisplaypanel,16710,fc6a041a3e0046282a32d3d4ab1a45dd
ui/worldbossentranceui,11404,e4e43a2cb95547ce8d460e3aaf17bc94
ui/worldbossinformationui,24896,7845926ff0ecff2176b6f2f8c9979d69
ui/worldcommanderformationui,16340,cf91847eb89ac673394085d24f31e47b
ui/worlddailytaskui,20110,5957975c7def241acc952be5ca119811
ui/worlddetailui,36811,0cec48cd16ed19fb8c5e2ea3820669f4
ui/worldinventoryui,56810,b7332f7be227b2521666172c418b34f8
ui/worldmediacollectionalbumui,16055,8590beb41742b7274f29631f39411f54
ui/worldmediacollectionentranceui,8261,9a49232a21351e468041706260fecff1
ui/worldmediacollectionfilegroupui,9539,7f82d6fd3f5a8d22c9bf59a5f44ed665
ui/worldmediacollectionfileui,4029,b696d5c07dc0def0a51abad7d4f7b4cf
ui/worldmediacollectionmemoryui,4415,b85c3277fa39ec7df8b9c93da2e056bf
ui/worldmediacollectionrecordui,4404,781d7c461addec951c8250e018d1096b
ui/worldmediacollectionui,6639,f43cad9921d4cb667985b2a8830a5837
ui/worldportui,85798,38d18865d51d1d07d0b520f1d8e26d3c
ui/worldprecombatui,50348,90d7e0713356ac2ed16de5290be67df9
ui/worldshopui,20048,dc860271a2dcfcf2094456bdd78665b1
ui/worldui,83007,6a226a077a0d1ee6a72aada8d3b7d40a
ui/yangqiyujinzhiqi,271519,21edc9a9945aeeedecf3896c9b0e910a
ui/youmiyastrongholdui,524558,b9feb7193bbc180d752a6a802f3af342
ui/zumaptshopui,13680,b045cbc192a853e5815d7f0916804aa4
universalrenderpipeline/hotupdate,14949,8ff79d16d35980aac22b43fa8765b8b4
updatebg/updatebg_3,758704,cc7a52ceac119c8ea079769ff97f849f
